<?xml version="1.0" encoding="UTF-8"?>
<beans xmlns="http://www.springframework.org/schema/beans"
       xmlns:mvc="http://www.springframework.org/schema/mvc"
       xmlns:xsi="http://www.w3.org/2001/XMLSchema-instance"
       xmlns:context="http://www.springframework.org/schema/context"
       xsi:schemaLocation="
        http://www.springframework.org/schema/beans
        http://www.springframework.org/schema/beans/spring-beans-3.2.xsd
        http://www.springframework.org/schema/mvc
        http://www.springframework.org/schema/mvc/spring-mvc-3.2.xsd
        http://www.springframework.org/schema/context
        http://www.springframework.org/schema/context/spring-context-3.2.xsd">

    <!-- Scan for spring annotated components -->
    <context:component-scan base-package="com.luckyryan.sample"/>

    <!-- Process annotations on registered beans like @Autowired... -->
    <context:annotation-config/>

    <!-- This tag registers the DefaultAnnotationHandlerMapping and
         AnnotationMethodHandlerAdapter beans that are required for Spring MVC  -->
    <mvc:annotation-driven/>

    <!-- View Resolver for JSPs -->
    <bean class="org.springframework.web.servlet.view.InternalResourceViewResolver">
        <property name="prefix" value="/WEB-INF/pages/"/>
        <property name="suffix" value=".jsp"/>
    </bean>

    <!-- This tag allows for mapping the DispatcherServlet to "/" -->
    <mvc:default-servlet-handler/>

    <!-- resources exclusions from servlet mapping -->
    <mvc:resources mapping="/assets/**" location="classpath:/META-INF/resources/webjars/"/>
    <mvc:resources mapping="/css/**" location="/css/"/>
    <mvc:resources mapping="/img/**" location="/img/"/>
    <mvc:resources mapping="/js/**" location="/js/"/>

</beans>